{"cameraMode":{"drawMode":0,"name":"Shaded","section":"Shading Mode"},"sceneLighting":false,"audioPlay":false,"sceneViewState":{"showFog":true,"showMaterialUpdate":true,"showSkybox":true,"showFlares":true,"showImageEffects":true,"showParticleSystems":true},"in2DMode":false,"pivot":{"x":0.0,"y":0.1462494134902954,"z":-0.25047779083251955},"rotation":{"x":0.6452964544296265,"y":-0.2837761640548706,"z":0.2812337279319763,"w":0.6511306762695313},"size":20.23357391357422,"orthographic":true}