{"cameraMode":{"drawMode":0,"name":"Shaded","section":"Shading Mode"},"sceneLighting":false,"audioPlay":false,"sceneViewState":{"showFog":true,"showMaterialUpdate":true,"showSkybox":true,"showFlares":true,"showImageEffects":true,"showParticleSystems":true},"in2DMode":false,"pivot":{"x":0.0032529905438423158,"y":0.0,"z":-0.9546731114387512},"rotation":{"x":-0.594195544719696,"y":0.07260376960039139,"z":-0.05397976562380791,"w":-0.7992162108421326},"size":3.3755064010620119,"orthographic":false}